camara_id,fecha_hora,cajas_detectadas,cajas_esperadas,faltantes,estado
HILOOK_BLOQUE4,2026-09-15T13:37:11,0,22,22,FALTAN 22
HILOOK_BLOQUE4,2026-09-15T14:08:45,0,22,22,FALTAN 22
HILOOK_BLOQUE4,2026-09-15T15:07:06,0,22,22,FALTAN 22
HILOOK_BLOQUE4,2026-09-15T15:08:20,0,22,22,FALTAN 22
HILOOK_BLOQUE4,2026-09-15T15:42:04,1,22,21,FALTAN 21
HILOOK_BLOQUE4,2026-09-15T15:42:41,2,22,20,FALTAN 20
HILOOK_BLOQUE4,2026-09-15T15:42:48,2,22,20,FALTAN 20
HILOOK_BLOQUE4,2026-09-15T15:46:38,2,22,20,FALTAN 20
HILOOK_BLOQUE4,2026-09-15T15:46:46,1,22,21,FALTAN 21
HILOOK_BLOQUE4,2026-09-15T15:47:18,2,22,20,FALTAN 20
HILOOK_BLOQUE4,2026-09-15T15:47:35,1,22,21,FALTAN 21
HILOOK_BLOQUE4,2026-09-15T15:47:57,1,22,21,FALTAN 21
HILOOK_BLOQUE4,2026-09-15T15:48:15,1,22,21,FALTAN 21
HILOOK_BLOQUE4,2026-09-15T15:48:45,2,22,20,FALTAN 20
HILOOK_BLOQUE4,2026-09-15T15:49:17,0,22,22,FALTAN 22
HILOOK_BLOQUE4,2026-09-15T15:49:24,0,22,22,FALTAN 22
HILOOK_BLOQUE4,2026-09-15T15:50:34,0,22,22,FALTAN 22
HILOOK_BLOQUE4,2026-09-15T15:51:23,0,22,22,FALTAN 22
HILOOK_BLOQUE4,2026-09-15T15:51:53,0,22,22,FALTAN 22
HILOOK_BLOQUE4,2026-09-15T15:53:33,0,22,22,FALTAN 22
HILOOK_BLOQUE4,2026-09-15T15:54:18,0,22,22,FALTAN 22
HILOOK_BLOQUE4,2026-09-15T16:01:06,0,22,22,FALTAN 22
HILOOK_BLOQUE4,2026-09-16T10:44:51,0,22,22,FALTAN 22
HILOOK_BLOQUE4,2026-09-23T09:28:05,0,22,22,FALTAN 22
HILOOK_BLOQUE4,2026-09-23T09:28:35,0,22,22,FALTAN 22
HILOOK_BLOQUE4,2026-09-23T09:29:24,0,22,22,FALTAN 22
HILOOK_BLOQUE4,2026-09-23T09:32:52,0,22,22,FALTAN 22
HILOOK_BLOQUE4,2026-09-23T09:33:41,0,22,22,FALTAN 22
HILOOK_BLOQUE4,2026-09-23T09:45:26,0,22,22,FALTAN 22
HILOOK_BLOQUE4,2026-09-23T09:46:06,0,22,22,FALTAN 22
HILOOK_BLOQUE4,2026-09-23T09:51:07,0,22,22,FALTAN 22
HILOOK_BLOQUE4,2026-09-23T09:51:56,0,22,22,FALTAN 22
HILOOK_BLOQUE4,2026-09-23T09:53:45,0,22,22,FALTAN 22
HILOOK_BLOQUE4,2026-09-23T11:31:48,0,22,22,FALTAN 22
HILOOK_BLOQUE4,2026-09-23T11:32:21,0,22,22,FALTAN 22
HILOOK_BLOQUE4,2026-09-23T11:33:14,0,22,22,FALTAN 22
HILOOK_BLOQUE4,2026-09-23T11:34:22,0,22,22,FALTAN 22
